,patient_loc,responder_loc,duration_Responder,Indirect_Responder_loc,aed_loc,duration_AED,vector_loc,duration_Vector,prob_vec,prob_resp
0,"(4.724486, 50.875134)","(4.729292726923144, 50.875592440104846)",317.23,No AED,No AED,10000.0,"(4.7243436, 50.8696549)",641.37,0.3242465057909876,0.4859695077668507
1,"(4.663458, 50.872624)",No responder,10000.0,No AED,No AED,10000.0,"(4.6658621, 50.8774603)",621.19,0.33594259605419413,0.33594259605419413
2,"(4.706287, 50.868107)","(4.704724579404701, 50.86890084069135)",157.03,No AED,No AED,10000.0,"(4.6998331, 50.8723536)",618.41,0.3375865777840803,0.6005152861690889
3,"(4.729334, 50.886379)","(4.728937782097354, 50.88725774356602)",111.99,No AED,No AED,10000.0,"(4.7243436, 50.8696549)",1978.53,0.030983028750326103,0.3184751311700561
4,"(4.7093, 50.870361)","(4.70957847475846, 50.87054434129006)",1.27,No AED,No AED,10000.0,"(4.6998331, 50.8723536)",750.8,0.2675600498019277,0.6819959037773251
5,"(4.710888, 50.862229)","(4.710733772466053, 50.85987060937822)",321.87,No AED,No AED,10000.0,"(4.7243436, 50.8696549)",1305.21,0.1010681762621788,0.3449339126924957
6,"(4.741317, 50.886149)",No responder,10000.0,No AED,No AED,10000.0,"(4.7243436, 50.8696549)",1968.98,0.03150699160706926,0.03150699160706926
7,"(4.674596, 50.871597)","(4.677492637005521, 50.869299460450485)",245.62,No AED,No AED,10000.0,"(4.6658621, 50.8774603)",779.19,0.25454838667826796,0.49550418137065344
8,"(4.702134, 50.897263)","(4.699313310634263, 50.89202035590883)",502.36,No AED,No AED,10000.0,"(4.6953981, 50.8785355)",1815.57,0.04124784031599309,0.21250195830348234
9,"(4.70586, 50.881605)","(4.706384582529997, 50.88271525625343)",160.26,No AED,No AED,10000.0,"(4.6953981, 50.8785355)",716.58,0.2841307843631432,0.5690222686692664
10,"(4.735139, 50.879159)","(4.740000088094923, 50.87872002496534)",336.51,No AED,No AED,10000.0,"(4.7243436, 50.8696549)",1102.01,0.14440419076859629,0.37549009952928003
11,"(4.657334, 50.861426)","(4.647411595421992, 50.86007473260252)",627.58,No AED,No AED,10000.0,"(4.6658621, 50.8774603)",1671.87,0.053087271447934674,0.19550422210483473
12,"(4.712731, 50.879035)","(4.7128188173701355, 50.87855175242645)",27.18,No AED,No AED,10000.0,"(4.6998331, 50.8723536)",1008.44,0.170191789070949,0.5793384986679287
13,"(4.728813, 50.898917)","(4.721597667084743, 50.90318095966405)",681.88,No AED,No AED,10000.0,"(4.6658621, 50.8774603)",4760.57,0.00023413754087790495,0.03808448783438248
14,"(4.711828, 50.871651)","(4.711720774052289, 50.87380903971963)",230.36,No AED,No AED,10000.0,"(4.7243436, 50.8696549)",859.22,0.22117573678397195,0.4849269133957548
15,"(4.693275, 50.875681)","(4.692690023862319, 50.87539353487246)",51.82,No AED,No AED,10000.0,"(4.6953981, 50.8785355)",321.83,0.5682827152913023,0.7960702242796068
16,"(4.717382, 50.882139)","(4.716666004204509, 50.882845733887336)",78.73,No AED,No AED,10000.0,"(4.7243436, 50.8696549)",1200.4,0.1214912887145907,0.49279096006654244
17,"(4.735101, 50.876686)","(4.729292726923144, 50.875592440104846)",446.18,No AED,No AED,10000.0,"(4.7243436, 50.8696549)",1034.15,0.1626790093063426,0.3389234804897015
18,"(4.69352, 50.85851)","(4.691736286589078, 50.86120762029356)",272.4,No AED,No AED,10000.0,"(4.6998331, 50.8723536)",1323.73,0.09783418173331562,0.363473803804461
19,"(4.653801, 50.856571)",No responder,10000.0,No AED,No AED,10000.0,"(4.6658621, 50.8774603)",2178.93,0.021791837489887545,0.021791837489887545
20,"(4.699619, 50.879152)","(4.699325950909008, 50.879716361743114)",61.83,No AED,No AED,10000.0,"(4.6953981, 50.8785355)",289.84,0.6011194987775799,0.7990561371983336
21,"(4.696876, 50.893705)","(4.699313310634263, 50.89202035590883)",295.16,No AED,No AED,10000.0,"(4.6953981, 50.8785355)",1590.33,0.061259695526855604,0.3085717067076587
22,"(4.726534, 50.887677)","(4.72800496932931, 50.88654278708737)",153.83,No AED,No AED,10000.0,"(4.7243436, 50.8696549)",1975.32,0.031158166646046884,0.3027607166716384
23,"(4.68137, 50.86165)","(4.68109925078526, 50.86094003900212)",84.87,No AED,No AED,10000.0,"(4.6998331, 50.8723536)",1509.35,0.07062072856766888,0.41804146727875097
24,"(4.684591, 50.885531)","(4.685665777568818, 50.88270152528853)",379.54,No AED,No AED,10000.0,"(4.6731993, 50.8780791)",1048.05,0.1587563237665051,0.36573475729954025
25,"(4.695739, 50.856026)","(4.694824605866955, 50.853792129645704)",226.29,No AED,No AED,10000.0,"(4.6998331, 50.8723536)",1739.27,0.04716170418143468,0.3117864708398524
26,"(4.722256, 50.880999)","(4.718782935162886, 50.88010476820165)",266.51,No AED,No AED,10000.0,"(4.7243436, 50.8696549)",1284.55,0.10480216595446315,0.3735119138991387
27,"(4.690636, 50.876538)","(4.691824595637418, 50.87779180380229)",136.92,No AED,No AED,10000.0,"(4.6953981, 50.8785355)",396.32,0.4986048772297583,0.6892729009332973
28,"(4.72935, 50.900387)","(4.721661080464714, 50.90276685659824)",615.3,No AED,No AED,10000.0,"(4.6658621, 50.8774603)",4932.39,0.00017315572386060823,0.03792829955559022
29,"(4.726644, 50.873674)","(4.7221081935267915, 50.872520097957135)",255.03,No AED,No AED,10000.0,"(4.7243436, 50.8696549)",479.27,0.43101937383784716,0.5702553230659709
30,"(4.695989, 50.865144)","(4.696333706005272, 50.86587680534788)",81.86,No AED,No AED,10000.0,"(4.6998331, 50.8723536)",645.3,0.32201654721233053,0.6506527898698655
31,"(4.736791, 50.863533)",No responder,10000.0,No AED,No AED,10000.0,"(4.7243436, 50.8696549)",987.57,0.17654465929105068,0.17654465929105068
32,"(4.722139, 50.86866)","(4.727395416694168, 50.87042427248546)",385.46,No AED,No AED,10000.0,"(4.7243436, 50.8696549)",295.54,0.5951327554272592,0.5951327554272592
33,"(4.73756, 50.862344)",No responder,10000.0,No AED,No AED,10000.0,"(4.7243436, 50.8696549)",1123.22,0.1391247907700746,0.1391247907700746
34,"(4.699796, 50.87634)","(4.7006362407499465, 50.8766720060807)",60.89,No AED,No AED,10000.0,"(4.6998331, 50.8723536)",361.24,0.5302850723898143,0.7715166088288734
35,"(4.684785, 50.879319)","(4.686562248988899, 50.880241021403876)",130.78,No AED,No AED,10000.0,"(4.6731993, 50.8780791)",709.19,0.2878419497744181,0.5925721503467922
36,"(4.700753, 50.887833)","(4.699083937071631, 50.8871363740958)",179.8,No AED,No AED,10000.0,"(4.6953981, 50.8785355)",901.45,0.20536755637872645,0.5055651010888546
37,"(4.733566, 50.898585)","(4.728072918738512, 50.89909152144472)",381.21,No AED,No AED,10000.0,"(4.6658621, 50.8774603)",4797.95,0.00021926238615599752,0.0543896516267335
38,"(4.736733, 50.862799)",No responder,10000.0,No AED,No AED,10000.0,"(4.7243436, 50.8696549)",1051.71,0.15773927002893529,0.15773927002893529
39,"(4.694036, 50.8606)","(4.693534397345338, 50.86245413458263)",168.79,No AED,No AED,10000.0,"(4.6998331, 50.8723536)",1093.24,0.14664525564557862,0.46500973880284885
40,"(4.700977, 50.883089)","(4.700928682009012, 50.88297236013169)",11.23,No AED,No AED,10000.0,"(4.6953981, 50.8785355)",595.89,0.35120402335812007,0.7286770514062737
41,"(4.696672, 50.879098)","(4.695425251107631, 50.87861101187905)",106.28,No AED,No AED,10000.0,"(4.6953981, 50.8785355)",112.46,0.8207959600741862,0.8271527545433625
42,"(4.705947, 50.886687)","(4.704585137814345, 50.88652380051593)",61.5,No AED,No AED,10000.0,"(4.6953981, 50.8785355)",1063.21,0.1545858153720083,0.5398218646948053
43,"(4.70821, 50.861866)","(4.704455395891783, 50.85640932480591)",535.17,No AED,No AED,10000.0,"(4.7243436, 50.8696549)",1370.94,0.09005070105048854,0.2556247704787206
44,"(4.716699, 50.873174)","(4.715537330296323, 50.872998056471175)",77.34,No AED,No AED,10000.0,"(4.7243436, 50.8696549)",530.9,0.39366107220728275,0.6934604938854297
45,"(4.730246, 50.87455)","(4.729292726923144, 50.875592440104846)",248.21,No AED,No AED,10000.0,"(4.7243436, 50.8696549)",639.01,0.3255930299592979,0.5303331608185304
46,"(4.681497, 50.854151)","(4.689320434987136, 50.854569357461415)",497.49,No AED,No AED,10000.0,"(4.6998331, 50.8723536)",1817.73,0.04109168447696508,0.21356348923152893
47,"(4.698357, 50.880213)","(4.699325950909008, 50.879716361743114)",89.53,No AED,No AED,10000.0,"(4.6953981, 50.8785355)",246.21,0.6489842205850548,0.7891849355583909
48,"(4.690584, 50.89003)","(4.691258965748578, 50.88807639499048)",284.71,No AED,No AED,10000.0,"(4.6953981, 50.8785355)",1218.41,0.11770916134045047,0.3775889002413196
49,"(4.71745, 50.874271)","(4.717477042285442, 50.871251271541915)",285.44,No AED,No AED,10000.0,"(4.7243436, 50.8696549)",622.76,0.33501770018341315,0.5104427678587898
50,"(4.71539, 50.88122)","(4.713690158917098, 50.8811675117592)",190.58,No AED,No AED,10000.0,"(4.6953981, 50.8785355)",1253.33,0.11070810218341795,0.4172086467187551
51,"(4.700399, 50.923948)","(4.699670278792916, 50.925086551926725)",110.46,No AED,No AED,10000.0,"(4.6658621, 50.8774603)",5255.08,9.825291448171604e-05,0.060467282652412226
52,"(4.735979, 50.888449)","(4.7373375444774055, 50.8867705914285)",270.15,No AED,No AED,10000.0,"(4.7243436, 50.8696549)",1989.57,0.03038816611297572,0.25995279279140304
53,"(4.730961, 50.850728)",No responder,10000.0,No AED,No AED,10000.0,"(4.7243436, 50.8696549)",2242.39,0.019493852651283155,0.019493852651283155
54,"(4.663558, 50.876016)","(4.659213171933953, 50.87123049394417)",536.26,No AED,No AED,10000.0,"(4.6658621, 50.8774603)",329.28,0.5608967089500483,0.5608967089500483
55,"(4.734176, 50.878237)","(4.736068880311682, 50.880887994683675)",255.34,No AED,No AED,10000.0,"(4.7243436, 50.8696549)",1013.43,0.16870700114663553,0.43464475161317334
56,"(4.715765, 50.877798)","(4.713732933430451, 50.877299670830745)",155.44,No AED,No AED,10000.0,"(4.7243436, 50.8696549)",997.33,0.1735447042587813,0.496415329035149
57,"(4.698003, 50.868334)","(4.69806465286329, 50.869396257890166)",115.14,No AED,No AED,10000.0,"(4.6998331, 50.8723536)",355.28,0.5358640793443095,0.7231817314276933
58,"(4.738449, 50.901604)","(4.734233413295668, 50.89751731859479)",544.65,No AED,No AED,10000.0,"(4.6658621, 50.8774603)",5236.88,0.00010144373102904758,0.03549239373359309
59,"(4.693243, 50.885472)","(4.6958307903294845, 50.88677173350059)",189.36,No AED,No AED,10000.0,"(4.6953981, 50.8785355)",725.35,0.27978863555987993,0.5462847252115096
60,"(4.688853, 50.879023)","(4.68942223920997, 50.879298900986655)",29.4,No AED,No AED,10000.0,"(4.6953981, 50.8785355)",667.56,0.30967215760931,0.6868833595562862
61,"(4.69781, 50.878341)","(4.697443822738335, 50.878182191220425)",42.56,No AED,No AED,10000.0,"(4.6953981, 50.8785355)",237.33,0.6591833756486127,0.8406235090593261
62,"(4.751553, 50.8913)",No responder,10000.0,No AED,No AED,10000.0,"(4.7243436, 50.8696549)",2778.42,0.007605151757037435,0.007605151757037435
63,"(4.724385, 50.888254)","(4.723721662337204, 50.8878021273628)",48.23,No AED,No AED,10000.0,"(4.7243436, 50.8696549)",1911.7,0.03484095801840868,0.3567609661629297
64,"(4.696189, 50.857245)","(4.698051507223588, 50.85704714301223)",270.4,No AED,No AED,10000.0,"(4.6998331, 50.8723536)",1542.86,0.06658503543859712,0.32602101282818907
65,"(4.70384, 50.883037)","(4.703227851481169, 50.88276197048596)",38.33,No AED,No AED,10000.0,"(4.6953981, 50.8785355)",755.41,0.26540284108665746,0.6496406266023874
66,"(4.695717, 50.855068)","(4.694824605866955, 50.853792129645704)",137.54,No AED,No AED,10000.0,"(4.6998331, 50.8723536)",1676.21,0.052684227015770684,0.35964689776869996
67,"(4.692755, 50.865466)","(4.696333706005272, 50.86587680534788)",260.08,No AED,No AED,10000.0,"(4.6998331, 50.8723536)",705.34,0.28979453650833265,0.5052305122515679
68,"(4.692001, 50.884204)","(4.692460066248467, 50.88332374958626)",104.39,No AED,No AED,10000.0,"(4.6953981, 50.8785355)",633.51,0.32875285715138064,0.6364055033700209
69,"(4.695317, 50.882767)","(4.694041197806674, 50.880916045073874)",164.05,No AED,No AED,10000.0,"(4.6953981, 50.8785355)",431.84,0.46845522569367887,0.6544122794471634
70,"(4.709378, 50.923089)",No responder,10000.0,No AED,No AED,10000.0,"(4.6658621, 50.8774603)",5654.73,4.870375245258368e-05,4.870375245258368e-05
71,"(4.711803, 50.911063)",No responder,10000.0,No AED,No AED,10000.0,"(4.6953981, 50.8785355)",3281.89,0.003141587462410712,0.003141587462410712
72,"(4.683485, 50.878128)","(4.684359146870653, 50.87779331156227)",60.83,No AED,No AED,10000.0,"(4.6731993, 50.8780791)",817.6,0.23794573709676353,0.6120171890010916
73,"(4.712402, 50.925422)",No responder,10000.0,No AED,No AED,10000.0,"(4.6658621, 50.8774603)",5797.79,3.788447850334724e-05,3.788447850334724e-05
74,"(4.692352, 50.86044)","(4.692426320815295, 50.861008959272965)",40.24,No AED,No AED,10000.0,"(4.6998331, 50.8723536)",1121.46,0.13955543150883354,0.5381882581708979
75,"(4.726803, 50.899691)","(4.721661080464714, 50.90276685659824)",525.9,No AED,No AED,10000.0,"(4.6658621, 50.8774603)",4834.63,0.00020558482607446505,0.044564103237872854
76,"(4.703247, 50.92814)","(4.706236638769873, 50.9292554959551)",281.18,No AED,No AED,10000.0,"(4.6658621, 50.8774603)",5637.12,5.02333621630473e-05,0.040247155082114745
77,"(4.724449, 50.930109)","(4.72137653350315, 50.92503274316729)",458.4,No AED,No AED,10000.0,"(4.6731993, 50.8780791)",5858.32,3.406431276586102e-05,0.02883277837599616
78,"(4.71146, 50.925623)","(4.714354958499117, 50.92483228553936)",158.57,No AED,No AED,10000.0,"(4.6658621, 50.8774603)",5879.17,3.283967902493036e-05,0.0414804662601943
79,"(4.723903, 50.92664)","(4.724526029963744, 50.927976832788055)",154.09,No AED,No AED,10000.0,"(4.6731993, 50.8780791)",5499.74,6.3938382845688e-05,0.0505738278598643
80,"(4.705716, 50.881539)","(4.707030160765484, 50.8809940499773)",100.65,No AED,No AED,10000.0,"(4.6953981, 50.8785355)",717.55,0.28364722829116723,0.6126792763525415
81,"(4.694631, 50.875215)","(4.692012731902626, 50.87711745588001)",242.08,No AED,No AED,10000.0,"(4.6953981, 50.8785355)",425.27,0.4738910789694817,0.595656215785477
82,"(4.720103, 50.920942)","(4.72137653350315, 50.92503274316729)",370.08,No AED,No AED,10000.0,"(4.6953981, 50.8785355)",4081.31,0.0007717765938760187,0.07935035137905606
83,"(4.695938, 50.863516)","(4.696166086680892, 50.86348035448983)",8.11,No AED,No AED,10000.0,"(4.6998331, 50.8723536)",776.83,0.2556054699422202,0.6673206619823212
84,"(4.738072, 50.885572)","(4.739148390282632, 50.881377677323634)",493.03,No AED,No AED,10000.0,"(4.7243436, 50.8696549)",1749.05,0.046358675451378874,0.22237551576252054
85,"(4.698691, 50.865606)","(4.699126518961226, 50.86752401263619)",206.38,No AED,No AED,10000.0,"(4.6998331, 50.8723536)",630.97,0.33022245593281047,0.561047540033802
86,"(4.72235, 50.873079)","(4.7221081935267915, 50.872520097957135)",32.0,No AED,No AED,10000.0,"(4.7243436, 50.8696549)",424.95,0.4741574439791302,0.7743938370785353
87,"(4.727432, 50.8866)","(4.7255405927032745, 50.881508444356456)",637.04,No AED,No AED,10000.0,"(4.7243436, 50.8696549)",1878.38,0.03694032806024957,0.17397942070681835
88,"(4.738014, 50.8635)","(4.737054233801404, 50.86624049857309)",355.59,No AED,No AED,10000.0,"(4.7243436, 50.8696549)",1033.7,0.16280760969221617,0.37958983814633257
89,"(4.705532, 50.873549)","(4.704856440828414, 50.873207907379296)",62.28,No AED,No AED,10000.0,"(4.6998331, 50.8723536)",531.14,0.39349520182786657,0.7065349452373756
90,"(4.684511, 50.879585)","(4.6846161336442185, 50.877395157655826)",273.3,No AED,No AED,10000.0,"(4.6731993, 50.8780791)",676.31,0.30495038967468957,0.5043390247168239
91,"(4.705443, 50.884881)","(4.704187793512201, 50.885008940123804)",93.26,No AED,No AED,10000.0,"(4.6953981, 50.8785355)",914.58,0.2006866906209489,0.5595002526350058
92,"(4.732497, 50.888458)","(4.731872232701077, 50.888945217828685)",49.6,No AED,No AED,10000.0,"(4.7243436, 50.8696549)",1953.49,0.0323757617955934,0.348675228089038
93,"(4.723394, 50.903519)","(4.719748908306637, 50.90589500139834)",267.64,No AED,No AED,10000.0,"(4.6953981, 50.8785355)",3472.98,0.002246048727148022,0.12280223347897715
94,"(4.694626, 50.887922)","(4.69015023187935, 50.88742211646263)",310.84,No AED,No AED,10000.0,"(4.6953981, 50.8785355)",919.85,0.19883806972860585,0.4252815988438339
95,"(4.686702, 50.876262)","(4.6846161336442185, 50.877395157655826)",204.65,No AED,No AED,10000.0,"(4.6953981, 50.8785355)",684.6,0.3005432875435219,0.5471592223402247
96,"(4.750246, 50.873478)","(4.741137326246947, 50.873948331636306)",578.82,No AED,No AED,10000.0,"(4.7243436, 50.8696549)",1700.78,0.05045949735836313,0.20474709008750713
97,"(4.678568, 50.85102)",No responder,10000.0,No AED,No AED,10000.0,"(4.6998331, 50.8723536)",2192.06,0.021295144303757625,0.021295144303757625
98,"(4.676986, 50.869398)","(4.677492637005521, 50.869299460450485)",31.77,No AED,No AED,10000.0,"(4.6658621, 50.8774603)",993.0,0.1748692837548515,0.5805611596480816
99,"(4.702772, 50.883669)","(4.703227851481169, 50.88276197048596)",137.76,No AED,No AED,10000.0,"(4.6953981, 50.8785355)",766.13,0.26045351881841416,0.5706940955890789
100,"(4.700404, 50.86083)","(4.697540835068542, 50.86035475038376)",194.39,No AED,No AED,10000.0,"(4.6998331, 50.8723536)",1207.05,0.12008083070557947,0.42509999239675866
101,"(4.720739, 50.906094)","(4.721661080464714, 50.90276685659824)",359.22,No AED,No AED,10000.0,"(4.6953981, 50.8785355)",3426.46,0.0024372298109761217,0.11215332170967288
102,"(4.706514, 50.876444)","(4.708865329646188, 50.87491961865609)",194.78,No AED,No AED,10000.0,"(4.6998331, 50.8723536)",585.39,0.3577396216548967,0.5825560521777373
103,"(4.695014, 50.880518)","(4.694064055272611, 50.88071079328839)",52.85,No AED,No AED,10000.0,"(4.6953981, 50.8785355)",224.72,0.6739426563353522,0.8352238935806838
104,"(4.700001, 50.890484)","(4.703086636047912, 50.89198419087549)",315.65,No AED,No AED,10000.0,"(4.6953981, 50.8785355)",1276.04,0.10638005138166817,0.3528086569205559
105,"(4.74479, 50.87265)","(4.741137326246947, 50.873948331636306)",286.58,No AED,No AED,10000.0,"(4.7243436, 50.8696549)",1408.53,0.08429853560783221,0.34204986780807134
106,"(4.728318, 50.872861)","(4.7303047186192275, 50.87182144471676)",354.7,No AED,No AED,10000.0,"(4.7243436, 50.8696549)",411.25,0.48570271760875133,0.5212299085023984
107,"(4.769293, 50.885134)",No responder,10000.0,No AED,No AED,10000.0,"(4.7243436, 50.8696549)",3083.93,0.004447524702433652,0.004447524702433652
108,"(4.718907, 50.891661)",No responder,10000.0,No AED,No AED,10000.0,"(4.7243436, 50.8696549)",2209.8,0.02064199281990145,0.02064199281990145
109,"(4.705564, 50.881478)","(4.7048378787855425, 50.88146604547242)",152.43,No AED,No AED,10000.0,"(4.6953981, 50.8785355)",717.97,0.283438108888231,0.5742061925419637
110,"(4.69127, 50.877775)","(4.691272537163451, 50.877562173767686)",13.3,No AED,No AED,10000.0,"(4.6953981, 50.8785355)",289.24,0.6017531751449363,0.8492201599302955
111,"(4.720021, 50.887237)","(4.723721662337204, 50.8878021273628)",258.68,No AED,No AED,10000.0,"(4.6953981, 50.8785355)",1745.38,0.046658401085995435,0.2985037751090248
112,"(4.698953, 50.872357)","(4.6983338987528915, 50.87282288604474)",66.2,No AED,No AED,10000.0,"(4.6998331, 50.8723536)",95.81,0.845148283642679,0.8769727246487574
113,"(4.703825, 50.875225)","(4.705014762544543, 50.87566470038198)",71.27,No AED,No AED,10000.0,"(4.6998331, 50.8723536)",386.15,0.5075892514066939,0.7520137629569599
114,"(4.673393, 50.872556)","(4.672203599832787, 50.87467587995473)",204.14,No AED,No AED,10000.0,"(4.6658621, 50.8774603)",680.79,0.3025607815620394,0.5485676803178631
115,"(4.696224, 50.925403)",No responder,10000.0,No AED,No AED,10000.0,"(4.6658621, 50.8774603)",5122.98,0.0001239048149611722,0.0001239048149611722
116,"(4.740574, 50.879191)","(4.740000088094923, 50.87872002496534)",47.33,No AED,No AED,10000.0,"(4.7243436, 50.8696549)",1420.23,0.08258426723732373,0.45837423599339094
117,"(4.686867, 50.879795)","(4.68402081401158, 50.8801944785455)",212.2,No AED,No AED,10000.0,"(4.6953981, 50.8785355)",755.64,0.26529567130600895,0.5228272272254164
118,"(4.697661, 50.879028)","(4.698048346097057, 50.87849800077426)",87.81,No AED,No AED,10000.0,"(4.6953981, 50.8785355)",162.76,0.7514069031694119,0.8251057315965536
119,"(4.747375, 50.878563)","(4.749189912832627, 50.88014470338741)",208.82,No AED,No AED,10000.0,"(4.7243436, 50.8696549)",1577.23,0.06268522937931029,0.3459822578150742
120,"(4.729571, 50.882694)","(4.7255405927032745, 50.881508444356456)",243.09,No AED,No AED,10000.0,"(4.7243436, 50.8696549)",1527.76,0.06837420194647062,0.339923292480461
121,"(4.674005, 50.872799)","(4.666585781979887, 50.87003151548509)",536.58,No AED,No AED,10000.0,"(4.6658621, 50.8774603)",722.03,0.28142455292886215,0.3547352915232769
122,"(4.711095, 50.923731)",No responder,10000.0,No AED,No AED,10000.0,"(4.6658621, 50.8774603)",5632.04,5.0683474693601744e-05,5.0683474693601744e-05
123,"(4.703272, 50.928135)",No responder,10000.0,No AED,No AED,10000.0,"(4.6658621, 50.8774603)",5638.43,5.011793958879287e-05,5.011793958879287e-05
124,"(4.736453, 50.882717)","(4.736068880311682, 50.880887994683675)",179.13,No AED,No AED,10000.0,"(4.7243436, 50.8696549)",1445.32,0.07902473758772616,0.38391290900600517
125,"(4.705274, 50.856459)","(4.703985727730107, 50.85649187422935)",90.88,No AED,No AED,10000.0,"(4.6998331, 50.8723536)",1645.2,0.05563263222672689,0.38726658072506037
126,"(4.728325, 50.881109)","(4.7255405927032745, 50.881508444356456)",162.04,No AED,No AED,10000.0,"(4.7243436, 50.8696549)",1299.79,0.10203469149964932,0.42226324566055246
127,"(4.749483, 50.876186)","(4.750958893247738, 50.87437678160411)",195.28,No AED,No AED,10000.0,"(4.7243436, 50.8696549)",1856.16,0.038410173776213745,0.3054207839253859
128,"(4.691055, 50.859864)","(4.6881206483163655, 50.86097227577707)",261.51,No AED,No AED,10000.0,"(4.6998331, 50.8723536)",1188.2,0.1241221134909219,0.3946913584348979
129,"(4.693386, 50.877427)","(4.693497168739468, 50.87594731529469)",127.98,No AED,No AED,10000.0,"(4.6953981, 50.8785355)",183.18,0.7249405305616636,0.7766570129979864
130,"(4.696955, 50.868763)","(4.700617963467976, 50.87043896822495)",297.79,No AED,No AED,10000.0,"(4.6998331, 50.8723536)",395.43,0.49938472992662397,0.5641195493899132
131,"(4.703092, 50.8858)","(4.704873820099812, 50.885790409664864)",114.7,No AED,No AED,10000.0,"(4.6953981, 50.8785355)",881.64,0.21263729245959373,0.5539095188746129
132,"(4.675065, 50.877189)","(4.6846161336442185, 50.877395157655826)",617.23,No AED,No AED,10000.0,"(4.6658621, 50.8774603)",645.77,0.32175088885705055,0.33342090293948906
133,"(4.737322, 50.867381)","(4.736006781703274, 50.866377287883864)",143.81,No AED,No AED,10000.0,"(4.7243436, 50.8696549)",752.5,0.2667625166282346,0.5703328282545692
134,"(4.691766, 50.926369)","(4.69678243606982, 50.923311804348124)",411.27,No AED,No AED,10000.0,"(4.6658621, 50.8774603)",4961.25,0.00016459911630855732,0.048218778625273274
135,"(4.745994, 50.864592)",No responder,10000.0,No AED,No AED,10000.0,"(4.7243436, 50.8696549)",1263.44,0.10876001749286551,0.10876001749286551
136,"(4.723206, 50.878612)","(4.721022668509976, 50.87962595022808)",136.43,No AED,No AED,10000.0,"(4.7243436, 50.8696549)",1107.6,0.14299364088545924,0.48066243124452523
137,"(4.670722, 50.871189)","(4.67075463056725, 50.87305908271234)",207.14,No AED,No AED,10000.0,"(4.6658621, 50.8774603)",774.88,0.25648221870829124,0.5210262813181903
138,"(4.666113, 50.861722)",No responder,10000.0,No AED,No AED,10000.0,"(4.6658621, 50.8774603)",1927.71,0.03387509053003546,0.03387509053003546
139,"(4.713895, 50.873426)","(4.712326049256556, 50.87339521856272)",114.33,No AED,No AED,10000.0,"(4.7243436, 50.8696549)",671.98,0.30727792271700793,0.6164010861302573
140,"(4.702352, 50.888457)","(4.7013052786146305, 50.886051845133665)",392.54,No AED,No AED,10000.0,"(4.6953981, 50.8785355)",1027.25,0.16466209261469203,0.3636671182808697
141,"(4.698322, 50.868456)","(4.69806465286329, 50.869396257890166)",109.19,No AED,No AED,10000.0,"(4.6998331, 50.8723536)",349.33,0.5414922730100274,0.7307773270215697
142,"(4.729461, 50.895466)","(4.728794358800079, 50.890184252730585)",616.22,No AED,No AED,10000.0,"(4.7243436, 50.8696549)",2574.42,0.010881364352934826,0.12540903328815828
143,"(4.677874, 50.868949)","(4.6783634233350675, 50.870099901701785)",165.01,No AED,No AED,10000.0,"(4.6658621, 50.8774603)",1066.33,0.1537411946727238,0.4736355224839546
144,"(4.707073, 50.8661)","(4.704388284985269, 50.86586575025083)",218.26,No AED,No AED,10000.0,"(4.6998331, 50.8723536)",819.98,0.23695336552351162,0.5022126343419967
145,"(4.704681, 50.869985)","(4.705050839502849, 50.86991956477444)",16.25,No AED,No AED,10000.0,"(4.6998331, 50.8723536)",421.52,0.4770219641737205,0.7911467081933721
146,"(4.723664, 50.927023)","(4.724087185701897, 50.92719025517078)",100.26,No AED,No AED,10000.0,"(4.6731993, 50.8780791)",5532.69,6.034387000898386e-05,0.05319189217718585
147,"(4.696625, 50.91685)",No responder,10000.0,No AED,No AED,10000.0,"(4.6658621, 50.8774603)",4382.98,0.00045439188536318083,0.00045439188536318083
148,"(4.708227, 50.877068)","(4.707565018076781, 50.87753219259297)",49.51,No AED,No AED,10000.0,"(4.6998331, 50.8723536)",736.31,0.2744553507072206,0.6468787661278582
149,"(4.743217, 50.872872)","(4.741208577126976, 50.87240948011807)",281.53,No AED,No AED,10000.0,"(4.7243436, 50.8696549)",1326.0,0.09744497726317919,0.35894076399358965
150,"(4.741961, 50.866351)","(4.746018337256072, 50.86494059179945)",491.7,No AED,No AED,10000.0,"(4.7243436, 50.8696549)",1346.25,0.0940407979551473,0.27328373848642923
151,"(4.684489, 50.882835)","(4.685665777568818, 50.88270152528853)",79.79,No AED,No AED,10000.0,"(4.6953981, 50.8785355)",804.13,0.24364106277990882,0.6018026980094463
152,"(4.726309, 50.87565)","(4.72579067196498, 50.87569703401467)",19.91,No AED,No AED,10000.0,"(4.7243436, 50.8696549)",735.2,0.2749908324196036,0.6716072403150668
153,"(4.683212, 50.859941)","(4.680066627758644, 50.85984224764488)",244.65,No AED,No AED,10000.0,"(4.6998331, 50.8723536)",1378.08,0.08892870269343217,0.3660456737921914
154,"(4.736432, 50.88761)","(4.7373375444774055, 50.8867705914285)",159.47,No AED,No AED,10000.0,"(4.7243436, 50.8696549)",1922.7,0.03417442491194,0.3087755944658703
155,"(4.742277, 50.900106)","(4.734233413295668, 50.89751731859479)",571.7,No AED,No AED,10000.0,"(4.6658621, 50.8774603)",5263.93,9.673780120131751e-05,0.03384591728173005
156,"(4.718493, 50.880397)","(4.716666004204509, 50.882845733887336)",230.31,No AED,No AED,10000.0,"(4.7243436, 50.8696549)",1045.39,0.15949960641270114,0.44122315109478255
157,"(4.711214, 50.861852)","(4.707422110223675, 50.86523773319089)",527.33,No AED,No AED,10000.0,"(4.7243436, 50.8696549)",1267.97,0.10789829405051737,0.27199149835513037
158,"(4.730244, 50.884706)","(4.724991976608501, 50.88402516173295)",469.39,No AED,No AED,10000.0,"(4.7243436, 50.8696549)",1792.98,0.042916955870336344,0.22398461452210439
159,"(4.682998, 50.880141)","(4.6846161336442185, 50.877395157655826)",284.65,No AED,No AED,10000.0,"(4.6731993, 50.8780791)",726.93,0.2790134396723272,0.4846284239775819
160,"(4.682664, 50.876783)","(4.683730019621911, 50.876229433796254)",83.41,No AED,No AED,10000.0,"(4.6731993, 50.8780791)",684.55,0.30056967653178146,0.6365836316294533
161,"(4.72088, 50.926038)","(4.714354958499117, 50.92483228553936)",515.31,No AED,No AED,10000.0,"(4.6731993, 50.8780791)",5466.84,6.774106264080121e-05,0.032759898574892664
162,"(4.702607, 50.879351)","(4.702379944791289, 50.87983014370505)",190.84,No AED,No AED,10000.0,"(4.6953981, 50.8785355)",593.0,0.35299086646578476,0.583171134327115
163,"(4.690622, 50.893747)","(4.691683627523426, 50.89330131543222)",100.91,No AED,No AED,10000.0,"(4.6953981, 50.8785355)",1453.07,0.07795656954137171,0.421629831206952
164,"(4.729997, 50.877687)","(4.734514243344387, 50.87775571383464)",342.03,No AED,No AED,10000.0,"(4.7243436, 50.8696549)",959.69,0.1854029178461941,0.4008512554918192
165,"(4.723187, 50.878613)","(4.721022668509976, 50.87962595022808)",135.55,No AED,No AED,10000.0,"(4.7243436, 50.8696549)",1106.73,0.14321226315478452,0.48140332324061236
166,"(4.723929, 50.900058)","(4.728072918738512, 50.89909152144472)",303.66,No AED,No AED,10000.0,"(4.6731993, 50.8780791)",4402.57,0.0004390265110861515,0.07323693523226005
167,"(4.72362, 50.927434)",No responder,10000.0,No AED,No AED,10000.0,"(4.6731993, 50.8780791)",5575.36,5.5987613662049627e-05,5.5987613662049627e-05
168,"(4.719678, 50.906116)","(4.721597667084743, 50.90318095966405)",330.95,No AED,No AED,10000.0,"(4.6953981, 50.8785355)",3316.15,0.00295815977984271,0.1228737163532444
169,"(4.704372, 50.859289)","(4.703213405915242, 50.85751677616982)",259.37,No AED,No AED,10000.0,"(4.6998331, 50.8723536)",1508.73,0.07069765701294972,0.3363180889698712
170,"(4.669474, 50.869034)","(4.671715678253725, 50.87172655883872)",300.52,No AED,No AED,10000.0,"(4.6658621, 50.8774603)",996.18,0.17389551624716074,0.4144222458509087
171,"(4.695634, 50.851899)","(4.695220516979012, 50.853148873838805)",99.66,No AED,No AED,10000.0,"(4.6998331, 50.8723536)",2012.79,0.029174024471244498,0.31783882104287337
172,"(4.707979, 50.931268)","(4.706236638769873, 50.9292554959551)",189.23,No AED,No AED,10000.0,"(4.6658621, 50.8774603)",5939.37,2.9545332928415484e-05,0.03872120246205843
173,"(4.698013, 50.904175)",No responder,10000.0,No AED,No AED,10000.0,"(4.6731993, 50.8780791)",3214.74,0.003534755779538895,0.003534755779538895
174,"(4.683453, 50.85504)","(4.686470533119253, 50.855775892791755)",207.44,No AED,No AED,10000.0,"(4.6998331, 50.8723536)",1695.87,0.05089644020979121,0.32632121540201936
175,"(4.699488, 50.878176)","(4.700112317660159, 50.8789041384985)",75.18,No AED,No AED,10000.0,"(4.6953981, 50.8785355)",311.33,0.5788579573133966,0.777323173602826
176,"(4.719607, 50.887425)","(4.719222479137452, 50.886056132047905)",156.94,No AED,No AED,10000.0,"(4.6953981, 50.8785355)",1718.74,0.04889294282799129,0.34354362991685805
177,"(4.731497, 50.901784)",No responder,10000.0,No AED,No AED,10000.0,"(4.6658621, 50.8774603)",5206.29,0.00010704192429478114,0.00010704192429478114
178,"(4.717874, 50.872904)","(4.71613054080038, 50.87427221465845)",185.65,No AED,No AED,10000.0,"(4.7243436, 50.8696549)",467.33,0.44015185070363283,0.6256283203945358
179,"(4.692788, 50.871175)","(4.697109918749839, 50.869388150199015)",277.44,No AED,No AED,10000.0,"(4.6998331, 50.8723536)",607.64,0.3440318418969061,0.5195385858322652
180,"(4.695523, 50.848019)","(4.695220516979012, 50.853148873838805)",625.81,No AED,No AED,10000.0,"(4.6998331, 50.8723536)",2252.27,0.01915856362408107,0.14593327506772427
181,"(4.695764, 50.857137)","(4.69600390142409, 50.85757121361866)",59.03,No AED,No AED,10000.0,"(4.6998331, 50.8723536)",1515.31,0.06988547955397749,0.4304419681475222
182,"(4.708935, 50.874049)","(4.707805186634489, 50.87363094072033)",124.22,No AED,No AED,10000.0,"(4.6998331, 50.8723536)",759.96,0.2632907639028575,0.5822432303323124
183,"(4.713827, 50.923347)","(4.713642386284687, 50.91859874347231)",459.9,No AED,No AED,10000.0,"(4.6658621, 50.8774603)",5571.77,5.634167839750223e-05,0.03328505321159411
184,"(4.72914, 50.870343)","(4.727395416694168, 50.87042427248546)",97.05,No AED,No AED,10000.0,"(4.7243436, 50.8696549)",381.91,0.5113825993367603,0.7297663984717646
185,"(4.695404, 50.861681)","(4.69620890592752, 50.86349176420869)",181.3,No AED,No AED,10000.0,"(4.6998331, 50.8723536)",959.61,0.18542896520509833,0.4899381496232954
186,"(4.700631, 50.887391)","(4.699083937071631, 50.8871363740958)",143.38,No AED,No AED,10000.0,"(4.6953981, 50.8785355)",865.04,0.21892683879449978,0.5389514928651475
187,"(4.689678, 50.883706)","(4.689909897417439, 50.88261721699905)",244.86,No AED,No AED,10000.0,"(4.6953981, 50.8785355)",697.49,0.29381691772788765,0.5169777463918309
188,"(4.660177, 50.853326)",No responder,10000.0,No AED,No AED,10000.0,"(4.6658621, 50.8774603)",2438.36,0.013818028643710737,0.013818028643710737
189,"(4.692501, 50.863164)","(4.69620890592752, 50.86349176420869)",237.02,No AED,No AED,10000.0,"(4.6998331, 50.8723536)",872.85,0.21594487730418926,0.47759582657434985
190,"(4.687673, 50.858851)","(4.6881206483163655, 50.86097227577707)",195.12,No AED,No AED,10000.0,"(4.6998331, 50.8723536)",1302.93,0.10147363400243134,0.40453542287587163
191,"(4.712474, 50.880787)","(4.712927791129118, 50.88101787782803)",26.81,No AED,No AED,10000.0,"(4.6953981, 50.8785355)",1010.23,0.16965767268553478,0.5790797032445388
192,"(4.660733, 50.860373)",No responder,10000.0,No AED,No AED,10000.0,"(4.6658621, 50.8774603)",1702.27,0.05032764503284891,0.05032764503284891
193,"(4.709669, 50.882755)","(4.708239892842175, 50.88195948139579)",95.21,No AED,No AED,10000.0,"(4.6953981, 50.8785355)",958.03,0.1859441510378273,0.5459635110974356
194,"(4.741327, 50.878681)","(4.739148390282632, 50.881377677323634)",298.68,No AED,No AED,10000.0,"(4.7243436, 50.8696549)",1482.3,0.07405616113793173,0.32453774473888686
195,"(4.713312, 50.869973)","(4.708300031273899, 50.8684280718435)",317.89,No AED,No AED,10000.0,"(4.7243436, 50.8696549)",696.68,0.2942351305599079,0.4721249398148608
196,"(4.708507, 50.870767)","(4.70957847475846, 50.87054434129006)",52.85,No AED,No AED,10000.0,"(4.6998331, 50.8723536)",699.23,0.292920543483951,0.6564281098322948
197,"(4.701863, 50.859625)","(4.700279520109766, 50.857431563501734)",363.15,No AED,No AED,10000.0,"(4.6998331, 50.8723536)",1362.85,0.09133910108066938,0.3181616528527015
198,"(4.732477, 50.879019)","(4.734514243344387, 50.87775571383464)",168.71,No AED,No AED,10000.0,"(4.7243436, 50.8696549)",1107.78,0.14294845037655995,0.46163610821038664
199,"(4.726789, 50.881942)","(4.725370332812808, 50.88433928259183)",263.49,No AED,No AED,10000.0,"(4.7243436, 50.8696549)",1386.05,0.08769277973509965,0.3560934187226347
200,"(4.721417, 50.924703)","(4.724087185701897, 50.92719025517078)",343.47,No AED,No AED,10000.0,"(4.6731993, 50.8780791)",5337.59,8.500045803560645e-05,0.043351301205042624
201,"(4.65278, 50.8551)",No responder,10000.0,No AED,No AED,10000.0,"(4.6658621, 50.8774603)",2311.29,0.01727240558339042,0.01727240558339042
202,"(4.7403, 50.885966)","(4.7373375444774055, 50.8867705914285)",215.49,No AED,No AED,10000.0,"(4.7243436, 50.8696549)",1915.54,0.03460681320998972,0.28896822257842586
203,"(4.738374, 50.887226)","(4.741165977034406, 50.88769402787708)",374.98,No AED,No AED,10000.0,"(4.7243436, 50.8696549)",2113.82,0.024431400048058622,0.21412480313423937
204,"(4.677547, 50.868746)","(4.672139520992709, 50.87401150735633)",511.81,No AED,No AED,10000.0,"(4.6658621, 50.8774603)",1052.43,0.15753996216060692,0.30937833338062626
205,"(4.708056, 50.880068)","(4.710236497836321, 50.879561339026026)",198.06,No AED,No AED,10000.0,"(4.6953981, 50.8785355)",779.75,0.2542981957862731,0.5256645526872019
206,"(4.686584, 50.874373)","(4.688420982487605, 50.87533679555073)",298.95,No AED,No AED,10000.0,"(4.6953981, 50.8785355)",822.68,0.2358325757851775,0.453467301362931
207,"(4.730981, 50.873233)","(4.7326327410716615, 50.87356857140603)",136.2,No AED,No AED,10000.0,"(4.7243436, 50.8696549)",599.31,0.34910117096119536,0.6223405901523086
208,"(4.669665, 50.861828)",No responder,10000.0,No AED,No AED,10000.0,"(4.6658621, 50.8774603)",2123.85,0.024004862787844024,0.024004862787844024
209,"(4.708543, 50.923968)","(4.709045507383119, 50.92563008091804)",199.39,No AED,No AED,10000.0,"(4.6658621, 50.8774603)",5735.04,4.229762886696565e-05,0.042412064427675734
210,"(4.733924, 50.889842)","(4.7373375444774055, 50.8867705914285)",466.44,No AED,No AED,10000.0,"(4.7243436, 50.8696549)",2063.65,0.026681438686112308,0.19594880977098936
211,"(4.698053, 50.878474)","(4.695099234541446, 50.87965898256585)",220.79,No AED,No AED,10000.0,"(4.6953981, 50.8785355)",243.24,0.6523777390294123,0.6709196085094805
212,"(4.692073, 50.85568)","(4.694420216969644, 50.85764045157987)",226.51,No AED,No AED,10000.0,"(4.6998331, 50.8723536)",1554.68,0.06521723911577512,0.3423219535447695
213,"(4.684366, 50.88639)","(4.691258965748578, 50.88807639499048)",453.22,No AED,No AED,10000.0,"(4.6731993, 50.8780791)",1075.81,0.15120305569305437,0.32892741305456313
214,"(4.699978, 50.860946)","(4.703213405915242, 50.85751677616982)",434.66,No AED,No AED,10000.0,"(4.6998331, 50.8723536)",1183.66,0.1251156045439711,0.3187018873026532
215,"(4.684926, 50.876465)","(4.685637555463255, 50.87467703877441)",291.5,No AED,No AED,10000.0,"(4.6953981, 50.8785355)",775.75,0.2560906829315331,0.46873969201275006
216,"(4.745663, 50.892849)","(4.741338037520783, 50.89057994605134)",335.36,No AED,No AED,10000.0,"(4.7243436, 50.8696549)",2690.92,0.008868242460306066,0.167846866884288
217,"(4.701671, 50.866191)","(4.704388284985269, 50.86586575025083)",170.81,No AED,No AED,10000.0,"(4.6998331, 50.8723536)",568.49,0.3685151978359084,0.6054232642702241
218,"(4.731611, 50.933334)","(4.731474622700336, 50.93373109047627)",15.01,No AED,No AED,10000.0,"(4.6658621, 50.8774603)",6736.72,7.284671460784884e-06,0.0321077766579055
219,"(4.697324, 50.865233)","(4.696949975456541, 50.86543657285831)",25.31,No AED,No AED,10000.0,"(4.6998331, 50.8723536)",708.11,0.28838835691089787,0.6763325684865171
220,"(4.689973, 50.88131)","(4.68982998370339, 50.88132481824961)",26.57,No AED,No AED,10000.0,"(4.6953981, 50.8785355)",494.63,0.4195491775438855,0.7525638571656734
221,"(4.732649, 50.873762)","(4.7303047186192275, 50.87182144471676)",197.06,No AED,No AED,10000.0,"(4.7243436, 50.8696549)",749.08,0.26836939235413615,0.5345799848205942
222,"(4.735142, 50.877552)","(4.734514243344387, 50.87775571383464)",33.9,No AED,No AED,10000.0,"(4.7243436, 50.8696549)",1081.66,0.14965775036109016,0.5535364482066469
223,"(4.713676, 50.882053)","(4.713690158917098, 50.8811675117592)",164.81,No AED,No AED,10000.0,"(4.6953981, 50.8785355)",1093.48,0.14658346618781706,0.46726893302959244
224,"(4.727897, 50.895098)",No responder,10000.0,No AED,No AED,10000.0,"(4.7243436, 50.8696549)",2616.92,0.010098847095730544,0.010098847095730544
225,"(4.721549, 50.876117)","(4.720490254984361, 50.87593231340471)",54.98,No AED,No AED,10000.0,"(4.7243436, 50.8696549)",742.76,0.27136433714856467,0.6403763376238062
226,"(4.691861, 50.880822)","(4.690576951531616, 50.88125871510124)",79.89,No AED,No AED,10000.0,"(4.6953981, 50.8785355)",393.21,0.5013353004573438,0.7413032389216626
227,"(4.725861, 50.888984)","(4.728794358800079, 50.890184252730585)",185.51,No AED,No AED,10000.0,"(4.7243436, 50.8696549)",2007.03,0.029470605709630282,0.28637358442934036
228,"(4.704936, 50.925198)","(4.706236638769873, 50.9292554959551)",384.77,No AED,No AED,10000.0,"(4.6658621, 50.8774603)",5622.28,5.155960713226862e-05,0.03563241612784954
229,"(4.732664, 50.8752)","(4.734514243344387, 50.87775571383464)",294.13,No AED,No AED,10000.0,"(4.7243436, 50.8696549)",848.44,0.2254024220782465,0.45027706026991315
230,"(4.725364, 50.891083)","(4.72800496932931, 50.88654278708737)",527.44,No AED,No AED,10000.0,"(4.7243436, 50.8696549)",2213.11,0.02052236154782165,0.16831376752499203
231,"(4.699163, 50.889995)","(4.701779185895554, 50.88905813790252)",194.29,No AED,No AED,10000.0,"(4.6953981, 50.8785355)",1204.63,0.12059220487789053,0.42567569387398807
232,"(4.713286, 50.874345)","(4.71319378732874, 50.874338095577464)",3.19,No AED,No AED,10000.0,"(4.7243436, 50.8696549)",748.79,0.2685060922561132,0.6810578105507064
233,"(4.720269, 50.919753)","(4.72137653350315, 50.92503274316729)",490.34,No AED,No AED,10000.0,"(4.6731993, 50.8780791)",5116.5,0.00012532277200368136,0.04037569129404483
234,"(4.701821, 50.899052)","(4.696597559150738, 50.90227788220176)",394.73,No AED,No AED,10000.0,"(4.6953981, 50.8785355)",1971.43,0.03137173272978685,0.22457030016326018
235,"(4.714864, 50.88057)","(4.714798289109579, 50.88007969911277)",41.33,No AED,No AED,10000.0,"(4.6953981, 50.8785355)",1171.45,0.1278271564549218,0.5239886992313975
236,"(4.701669, 50.874459)","(4.70295766195136, 50.874684052869526)",65.17,No AED,No AED,10000.0,"(4.6998331, 50.8723536)",261.2,0.6321241622779016,0.807385211058944
237,"(4.691595, 50.887464)","(4.691258965748578, 50.88807639499048)",134.68,No AED,No AED,10000.0,"(4.6953981, 50.8785355)",900.05,0.20587305555835214,0.5352389669106645
238,"(4.697233, 50.877625)","(4.6981087522709055, 50.87808511553471)",76.5,No AED,No AED,10000.0,"(4.6953981, 50.8785355)",158.36,0.7572350884418385,0.838709255482765
239,"(4.711075, 50.879882)","(4.711602800856765, 50.87944864003518)",49.09,No AED,No AED,10000.0,"(4.6953981, 50.8785355)",953.26,0.18750819036113273,0.5797214849795871
240,"(4.703266, 50.878595)","(4.7012641831866135, 50.878917511888005)",127.4,No AED,No AED,10000.0,"(4.6953981, 50.8785355)",517.49,0.4030410394072533,0.655900595758939
241,"(4.722442, 50.926514)",No responder,10000.0,No AED,No AED,10000.0,"(4.6731993, 50.8780791)",5491.52,6.48679874384888e-05,6.48679874384888e-05
242,"(4.721426, 50.900153)","(4.718077717165764, 50.898339814971116)",283.8,No AED,No AED,10000.0,"(4.6731993, 50.8780791)",4382.64,0.0004546632578246202,0.07583877761037697
243,"(4.733287, 50.900281)",No responder,10000.0,No AED,No AED,10000.0,"(4.6658621, 50.8774603)",5154.42,0.00011724956993025143,0.00011724956993025143
244,"(4.69687, 50.876261)","(4.7006362407499465, 50.8766720060807)",218.13,No AED,No AED,10000.0,"(4.6953981, 50.8785355)",373.29,0.5191821737957747,0.6301447870862484
245,"(4.70117, 50.880208)","(4.702786269929928, 50.881135772062244)",113.24,No AED,No AED,10000.0,"(4.6953981, 50.8785355)",417.15,0.48069659616149996,0.7024848978955924
246,"(4.69888, 50.887002)","(4.697859693621929, 50.88526544079319)",224.02,No AED,No AED,10000.0,"(4.6953981, 50.8785355)",850.67,0.22452149485855727,0.4909062605459473
247,"(4.70627, 50.879085)","(4.707308359480586, 50.87977320145008)",76.86,No AED,No AED,10000.0,"(4.6953981, 50.8785355)",715.46,0.28469014266727183,0.631817735966412
248,"(4.709435, 50.902538)",No responder,10000.0,No AED,No AED,10000.0,"(4.6953981, 50.8785355)",2428.36,0.014062817379724623,0.014062817379724623
249,"(4.690402, 50.88506)","(4.697132463310657, 50.884432659275184)",386.4,No AED,No AED,10000.0,"(4.6953981, 50.8785355)",741.63,0.271903337200125,0.4236466860481371
250,"(4.698817, 50.86005)","(4.703213405915242, 50.85751677616982)",292.19,No AED,No AED,10000.0,"(4.6998331, 50.8723536)",1145.11,0.13387844716480152,0.38826160043157404
251,"(4.712911, 50.9092)",No responder,10000.0,No AED,No AED,10000.0,"(4.6953981, 50.8785355)",3047.02,0.004745334723750069,0.004745334723750069
252,"(4.733087, 50.878764)","(4.736068880311682, 50.880887994683675)",257.73,No AED,No AED,10000.0,"(4.7243436, 50.8696549)",1066.74,0.15363054645659457,0.42177941320752754
253,"(4.7059, 50.881708)","(4.704253551078783, 50.88242825679147)",97.55,No AED,No AED,10000.0,"(4.6953981, 50.8785355)",710.43,0.2872158700080585,0.6172820120298796
254,"(4.708711, 50.854113)","(4.70417779152029, 50.85914136369006)",580.15,No AED,No AED,10000.0,"(4.6998331, 50.8723536)",1850.99,0.03876047070435912,0.18939988476609068
255,"(4.73367, 50.889781)","(4.729553397119121, 50.894930965124345)",545.85,No AED,No AED,10000.0,"(4.7243436, 50.8696549)",2049.93,0.02733206571594108,0.17869609587527815
256,"(4.710557, 50.912646)",No responder,10000.0,No AED,No AED,10000.0,"(4.6953981, 50.8785355)",3395.61,0.0025729032642263527,0.0025729032642263527
257,"(4.687251, 50.879641)","(4.686774337737392, 50.881690330220614)",314.79,No AED,No AED,10000.0,"(4.6953981, 50.8785355)",738.96,0.273181160898798,0.46389116488248644
258,"(4.712741, 50.876974)","(4.712948619831232, 50.877313960646724)",40.68,No AED,No AED,10000.0,"(4.6998331, 50.8723536)",976.79,0.17991844127120088,0.5788835708423417
259,"(4.700841, 50.874185)","(4.70189616849409, 50.87356889524788)",194.02,No AED,No AED,10000.0,"(4.6998331, 50.8723536)",213.96,0.6867976313153665,0.70410809018184
260,"(4.737439, 50.863611)","(4.736006781703274, 50.866377287883864)",373.74,No AED,No AED,10000.0,"(4.7243436, 50.8696549)",1024.29,0.1655201990366399,0.37286285452614193
261,"(4.719225, 50.906827)","(4.719084167292724, 50.90592889596316)",79.18,No AED,No AED,10000.0,"(4.6953981, 50.8785355)",3302.59,0.0030294432463013918,0.16941296009766832
262,"(4.694281, 50.860433)","(4.696166086680892, 50.86348035448983)",335.22,No AED,No AED,10000.0,"(4.6998331, 50.8723536)",1114.49,0.14127399909956284,0.37372004252944774
263,"(4.68745, 50.886351)","(4.68886695232328, 50.88284969021416)",391.69,No AED,No AED,10000.0,"(4.6953981, 50.8785355)",953.24,0.18751477579664835,0.3779914110599963
264,"(4.727519, 50.884469)","(4.722620060586826, 50.88531601080938)",367.44,No AED,No AED,10000.0,"(4.7243436, 50.8696549)",1740.05,0.04709715164077079,0.26131256764956295
265,"(4.69891, 50.892595)","(4.7013124118394405, 50.88899114329463)",485.96,No AED,No AED,10000.0,"(4.6953981, 50.8785355)",1371.08,0.09002856559880766,0.2718012535352636
266,"(4.695387, 50.925861)","(4.699670278792916, 50.925086551926725)",274.24,No AED,No AED,10000.0,"(4.6658621, 50.8774603)",5063.97,0.00013743288882748784,0.05430761650985679
267,"(4.683949, 50.87908)","(4.686562248988899, 50.880241021403876)",199.49,No AED,No AED,10000.0,"(4.6731993, 50.8780791)",680.91,0.3024970323589978,0.5517276830360645
268,"(4.722927, 50.874318)","(4.720152645590404, 50.874212041823455)",232.32,No AED,No AED,10000.0,"(4.7243436, 50.8696549)",538.59,0.3883809198380231,0.569250360224639
269,"(4.70033, 50.879294)","(4.700112317660159, 50.8789041384985)",32.78,No AED,No AED,10000.0,"(4.6953981, 50.8785355)",327.67,0.5624847051636974,0.8128051305594279
270,"(4.703664, 50.858502)","(4.700279520109766, 50.857431563501734)",257.17,No AED,No AED,10000.0,"(4.6998331, 50.8723536)",1511.23,0.07038797303668577,0.3368152812255927
271,"(4.688191, 50.8846)","(4.68886695232328, 50.88284969021416)",186.97,No AED,No AED,10000.0,"(4.6953981, 50.8785355)",824.5,0.23508007316624582,0.5210208410546755
272,"(4.719228, 50.906707)","(4.719084167292724, 50.90592889596316)",69.34,No AED,No AED,10000.0,"(4.6953981, 50.8785355)",3292.75,0.0030822442372576276,0.17236570469353005
273,"(4.726063, 50.900015)","(4.721661080464714, 50.90276685659824)",480.21,No AED,No AED,10000.0,"(4.6658621, 50.8774603)",4930.01,0.0001738809079816502,0.04494978753261728
274,"(4.725074, 50.865922)","(4.724379566649556, 50.866673129450874)",69.14,No AED,No AED,10000.0,"(4.7243436, 50.8696549)",449.64,0.45403921667054864,0.7301008709452311
275,"(4.736859, 50.885358)","(4.72800496932931, 50.88654278708737)",674.78,No AED,No AED,10000.0,"(4.7243436, 50.8696549)",1685.4,0.051840847181893225,0.18305580686878736
276,"(4.710241, 50.864981)","(4.705212907835182, 50.864647806660635)",248.43,No AED,No AED,10000.0,"(4.6998331, 50.8723536)",1029.45,0.16402719407081787,0.434859312863273
277,"(4.7221, 50.928332)","(4.724526029963744, 50.927976832788055)",168.23,No AED,No AED,10000.0,"(4.6731993, 50.8780791)",5706.4,4.447926455262994e-05,0.04474012729331402
278,"(4.726219, 50.887513)","(4.720683830814169, 50.888975195009394)",369.52,No AED,No AED,10000.0,"(4.7243436, 50.8696549)",1954.88,0.03229683371946932,0.23370543484394996
279,"(4.709909, 50.862705)","(4.710571062878614, 50.85988273677391)",385.73,No AED,No AED,10000.0,"(4.7243436, 50.8696549)",1258.03,0.10979816174632664,0.3262239055410199
280,"(4.727706, 50.851094)",No responder,10000.0,No AED,No AED,10000.0,"(4.7243436, 50.8696549)",2075.28,0.026142066584958237,0.026142066584958237
281,"(4.694454, 50.923983)","(4.69678243606982, 50.923311804348124)",180.82,No AED,No AED,10000.0,"(4.6658621, 50.8774603)",4901.55,0.00018279158656171513,0.06627010534992644
282,"(4.747261, 50.865752)",No responder,10000.0,No AED,No AED,10000.0,"(4.7243436, 50.8696549)",1377.11,0.08908030655157463,0.08908030655157463
283,"(4.732413, 50.877136)","(4.727532572169195, 50.87806683407386)",327.09,No AED,No AED,10000.0,"(4.7243436, 50.8696549)",896.94,0.20700044239009274,0.4216164880698349
284,"(4.720521, 50.906588)","(4.721661080464714, 50.90276685659824)",404.36,No AED,No AED,10000.0,"(4.6953981, 50.8785355)",3471.6,0.002251498158860988,0.10360656028507212
285,"(4.706932, 50.888097)","(4.704070152313594, 50.88765241230936)",210.37,No AED,No AED,10000.0,"(4.6953981, 50.8785355)",1200.29,0.12151475835340919,0.418136293247281
286,"(4.696409, 50.916768)",No responder,10000.0,No AED,No AED,10000.0,"(4.6658621, 50.8774603)",4370.27,0.0004646474186729584,0.0004646474186729584
287,"(4.703768, 50.877466)","(4.7046466723873746, 50.87897105690647)",207.32,No AED,No AED,10000.0,"(4.6953981, 50.8785355)",561.71,0.37292886517863677,0.5804433848928253
288,"(4.725665, 50.887173)","(4.722071634258784, 50.89016829148307)",323.98,No AED,No AED,10000.0,"(4.7243436, 50.8696549)",1915.48,0.034610459593763854,0.2523742578764699
289,"(4.71234, 50.877812)","(4.712566490067843, 50.87783799594997)",8.62,No AED,No AED,10000.0,"(4.6998331, 50.8723536)",961.43,0.18483729214433461,0.6072382350249098
290,"(4.728836, 50.88662)","(4.722620060586826, 50.88531601080938)",405.4,No AED,No AED,10000.0,"(4.7243436, 50.8696549)",1946.8,0.03275834528897145,0.2243870257742904
291,"(4.721459, 50.885054)","(4.724991976608501, 50.88402516173295)",270.82,No AED,No AED,10000.0,"(4.7243436, 50.8696549)",1594.88,0.06077219055260943,0.3173576571191187
292,"(4.742833, 50.882527)",No responder,10000.0,No AED,No AED,10000.0,"(4.7243436, 50.8696549)",1595.45,0.060711392586108914,0.060711392586108914
293,"(4.72172, 50.903036)","(4.728072918738512, 50.89909152144472)",559.41,No AED,No AED,10000.0,"(4.6953981, 50.8785355)",3415.92,0.002482758900052625,0.0878217622644799
294,"(4.720142, 50.883229)","(4.719132997370063, 50.882838701641305)",91.57,No AED,No AED,10000.0,"(4.7243436, 50.8696549)",1329.88,0.09678331072942918,0.45410353301404693
295,"(4.701855, 50.921842)","(4.699670278792916, 50.925086551926725)",323.19,No AED,No AED,10000.0,"(4.6658621, 50.8774603)",5467.81,6.762577558299269e-05,0.04161858107045127
296,"(4.690631, 50.893097)",No responder,10000.0,No AED,No AED,10000.0,"(4.6953981, 50.8785355)",1530.25,0.06807589103944986,0.06807589103944986
297,"(4.736406, 50.928606)",No responder,10000.0,No AED,No AED,10000.0,"(4.6658621, 50.8774603)",6747.2,7.151837884961873e-06,7.151837884961873e-06
298,"(4.71411, 50.88424)","(4.714798289109579, 50.88007969911277)",342.04,No AED,No AED,10000.0,"(4.6953981, 50.8785355)",1271.65,0.107203291241409,0.3421367011705462
299,"(4.691722, 50.859391)","(4.692426320815295, 50.861008959272965)",201.24,No AED,No AED,10000.0,"(4.6998331, 50.8723536)",1238.82,0.11356515353676064,0.4147371866468924
300,"(4.739123, 50.880714)","(4.739148390282632, 50.881377677323634)",52.38,No AED,No AED,10000.0,"(4.7243436, 50.8696549)",1345.0,0.09424744523045156,0.4732257445440152
301,"(4.727869, 50.888517)","(4.725370332812808, 50.88433928259183)",490.14,No AED,No AED,10000.0,"(4.7243436, 50.8696549)",2070.54,0.02636056765584585,0.18957215200567126
302,"(4.674658, 50.853916)",No responder,10000.0,No AED,No AED,10000.0,"(4.6998331, 50.8723536)",2053.97,0.0271388507036046,0.0271388507036046
303,"(4.720423, 50.888592)","(4.723721662337204, 50.8878021273628)",240.43,No AED,No AED,10000.0,"(4.7243436, 50.8696549)",1885.24,0.036498006281410006,0.28445203583771544
304,"(4.701773, 50.860794)","(4.697540835068542, 50.86035475038376)",279.32,No AED,No AED,10000.0,"(4.6998331, 50.8723536)",1291.97,0.10344549497644746,0.36620441341754034
305,"(4.693578, 50.882855)","(4.6939772013956516, 50.881561851068206)",200.63,No AED,No AED,10000.0,"(4.6953981, 50.8785355)",480.65,0.42997615262291955,0.6098994779714215
306,"(4.739442, 50.885814)","(4.731872232701077, 50.888945217828685)",650.48,No AED,No AED,10000.0,"(4.7243436, 50.8696549)",1870.53,0.037453064026993645,0.17176791032522484
307,"(4.69946, 50.8778)","(4.700471784096946, 50.878002311131446)",99.24,No AED,No AED,10000.0,"(4.6953981, 50.8785355)",308.77,0.5814660026440432,0.7553040300600574
308,"(4.737676, 50.882246)","(4.7373375444774055, 50.8867705914285)",700.02,No AED,No AED,10000.0,"(4.7243436, 50.8696549)",1447.41,0.07873524377481793,0.20015639275907382
309,"(4.705809, 50.886124)","(4.704673522573289, 50.886235505990136)",81.39,No AED,No AED,10000.0,"(4.6953981, 50.8785355)",1018.68,0.16715883098130058,0.5386226482789284
310,"(4.699573, 50.868098)","(4.700667242194505, 50.86890550990103)",129.94,No AED,No AED,10000.0,"(4.6998331, 50.8723536)",381.88,0.511409539813552,0.7004208089123786
311,"(4.711603, 50.876099)","(4.710531110462975, 50.87602521881784)",90.11,No AED,No AED,10000.0,"(4.6998331, 50.8723536)",882.17,0.2124394862775465,0.5710229186232012
312,"(4.712456, 50.878697)","(4.712693101564452, 50.87843503035518)",8.72,No AED,No AED,10000.0,"(4.6998331, 50.8723536)",978.7,0.17931600989758079,0.6018626016354253
313,"(4.676865, 50.869536)","(4.67075463056725, 50.87305908271234)",515.97,No AED,No AED,10000.0,"(4.6658621, 50.8774603)",980.33,0.17880348860001807,0.3192497030582714
314,"(4.690135, 50.874469)","(4.69141699364989, 50.87527787312347)",116.74,No AED,No AED,10000.0,"(4.6953981, 50.8785355)",611.7,0.34158782557115025,0.6336461528344066
315,"(4.68035, 50.863075)","(4.679722203415435, 50.86037786203135)",284.41,No AED,No AED,10000.0,"(4.6998331, 50.8723536)",1574.71,0.06296323505274201,0.315230342529056
316,"(4.714129, 50.884399)","(4.718582905970783, 50.88567242902378)",324.42,No AED,No AED,10000.0,"(4.6953981, 50.8785355)",1291.14,0.10359637538078478,0.34630234391117903
317,"(4.71769, 50.8837)","(4.719132997370063, 50.882838701641305)",141.2,No AED,No AED,10000.0,"(4.7243436, 50.8696549)",1346.44,0.09400942726333218,0.4232498267382625
318,"(4.744952, 50.865374)","(4.737054233801404, 50.86624049857309)",586.41,No AED,No AED,10000.0,"(4.7243436, 50.8696549)",1264.52,0.10855395074884605,0.25309613397554526
319,"(4.705004, 50.880762)","(4.702786269929928, 50.881135772062244)",165.74,No AED,No AED,10000.0,"(4.6953981, 50.8785355)",679.0,0.30351330359336276,0.5760279597036491
320,"(4.694322, 50.880909)","(4.69361359435379, 50.88094951972483)",80.76,No AED,No AED,10000.0,"(4.6953981, 50.8785355)",282.45,0.6089710024325132,0.7833279130588816
321,"(4.684256, 50.872064)","(4.684278787696741, 50.87402103069068)",222.93,No AED,No AED,10000.0,"(4.6731993, 50.8780791)",1103.46,0.1440369747219666,0.4323710724773977
322,"(4.713007, 50.867307)","(4.705791507240642, 50.87082354210592)",524.57,No AED,No AED,10000.0,"(4.7243436, 50.8696549)",843.48,0.2273742071506984,0.3385629648255664
323,"(4.69618, 50.856201)","(4.694420216969644, 50.85764045157987)",216.79,No AED,No AED,10000.0,"(4.6998331, 50.8723536)",1607.59,0.05943084828000952,0.33731787881116515
324,"(4.669939, 50.871487)","(4.666585781979887, 50.87003151548509)",264.64,No AED,No AED,10000.0,"(4.6658621, 50.8774603)",789.69,0.24989800438422458,0.4813052655057592
325,"(4.682469, 50.86911)","(4.687415008954848, 50.872396670303104)",378.81,No AED,No AED,10000.0,"(4.6998331, 50.8723536)",1182.84,0.12529589165599023,0.34185718204236754
326,"(4.711262, 50.86166)","(4.710571062878614, 50.85988273677391)",296.66,No AED,No AED,10000.0,"(4.7243436, 50.8696549)",1271.74,0.10718635008907255,0.3620618434501997
327,"(4.697658, 50.892924)","(4.694697341383143, 50.89243771050777)",425.25,No AED,No AED,10000.0,"(4.6953981, 50.8785355)",1471.79,0.07543560587293534,0.2785877176030569
328,"(4.739011, 50.865079)","(4.7375367993931174, 50.86807225064126)",477.69,No AED,No AED,10000.0,"(4.7243436, 50.8696549)",840.71,0.22848288218357085,0.3594730378135482
329,"(4.701557, 50.877555)","(4.7006362407499465, 50.8766720060807)",127.47,No AED,No AED,10000.0,"(4.6953981, 50.8785355)",437.15,0.4641074608099875,0.6831447300542441
330,"(4.727839, 50.878497)","(4.724036823161044, 50.881449236302196)",371.85,No AED,No AED,10000.0,"(4.7243436, 50.8696549)",1060.88,0.15521959891797255,0.36686539915017174
331,"(4.68896, 50.878941)","(4.68942223920997, 50.879298900986655)",36.45,No AED,No AED,10000.0,"(4.6953981, 50.8785355)",660.03,0.3137940649023261,0.6834723640341542
332,"(4.727161, 50.873875)","(4.7261495671787985, 50.87174190222063)",258.24,No AED,No AED,10000.0,"(4.7243436, 50.8696549)",510.17,0.4082551613655067,0.5591347412411931
333,"(4.715394, 50.88124)","(4.712927791129118, 50.88101787782803)",233.97,No AED,No AED,10000.0,"(4.6953981, 50.8785355)",1264.25,0.10860543080282718,0.3930263835713979
334,"(4.738901, 50.882895)","(4.742008859249905, 50.88139800415843)",281.85,No AED,No AED,10000.0,"(4.7243436, 50.8696549)",1548.46,0.06593347051017208,0.3204817428471547
335,"(4.710779, 50.883194)","(4.711052114391141, 50.883140269615964)",14.91,No AED,No AED,10000.0,"(4.6953981, 50.8785355)",1023.74,0.16568013644898308,0.5837291860320747
336,"(4.690987, 50.92475)",No responder,10000.0,No AED,No AED,10000.0,"(4.6658621, 50.8774603)",4996.65,0.00015467872366797147,0.00015467872366797147
337,"(4.720093, 50.903375)","(4.721597667084743, 50.90318095966405)",136.41,No AED,No AED,10000.0,"(4.6953981, 50.8785355)",3347.4,0.002800203548500594,0.15418419656651805
338,"(4.716487, 50.871937)","(4.715880003301793, 50.87320298322583)",154.13,No AED,No AED,10000.0,"(4.7243436, 50.8696549)",466.46,0.4408247966881724,0.6510238449866502
339,"(4.704669, 50.884548)","(4.704187793512201, 50.885008940123804)",50.84,No AED,No AED,10000.0,"(4.6953981, 50.8785355)",870.16,0.21696734114295213,0.6033812007927786
340,"(4.734147, 50.876081)","(4.731751295050827, 50.87854325557584)",335.67,No AED,No AED,10000.0,"(4.7243436, 50.8696549)",951.29,0.18815796762011344,0.4057731470249926
341,"(4.720812, 50.883324)","(4.722059052396254, 50.88325131737979)",117.25,No AED,No AED,10000.0,"(4.7243436, 50.8696549)",1363.2,0.09128298104193562,0.43240058782349694
342,"(4.72543, 50.886066)","(4.722620060586826, 50.88531601080938)",167.06,No AED,No AED,10000.0,"(4.7243436, 50.8696549)",1793.41,0.042884562208198265,0.3266124440682682
343,"(4.741146, 50.885493)","(4.740724546806399, 50.89072002574869)",585.85,No AED,No AED,10000.0,"(4.7243436, 50.8696549)",1948.15,0.03268077995052799,0.17900636038254722
344,"(4.703988, 50.876188)","(4.702836710609985, 50.87658120436088)",148.62,No AED,No AED,10000.0,"(4.6998331, 50.8723536)",472.82,0.43592896049383706,0.6534042676448689
345,"(4.684479, 50.870873)","(4.685913246936571, 50.870426785090245)",143.03,No AED,No AED,10000.0,"(4.6998331, 50.8723536)",1123.74,0.1389978105025908,0.47282840704414425
346,"(4.690873, 50.858812)","(4.691736286589078, 50.86120762029356)",342.7,No AED,No AED,10000.0,"(4.6998331, 50.8723536)",1294.46,0.10299417096014966,0.33791922189883816
347,"(4.728229, 50.879249)","(4.731751295050827, 50.87854325557584)",246.11,No AED,No AED,10000.0,"(4.7243436, 50.8696549)",1110.14,0.1423572720479618,0.41861690192077267
348,"(4.729071, 50.873263)","(4.727532572169195, 50.87806683407386)",564.86,No AED,No AED,10000.0,"(4.7243436, 50.8696549)",457.15,0.44809082672831624,0.44809082672831624
349,"(4.699095, 50.890533)","(4.699313310634263, 50.89202035590883)",135.14,No AED,No AED,10000.0,"(4.6953981, 50.8785355)",1259.52,0.10951125553993653,0.44570303184090077
350,"(4.694679, 50.906494)",No responder,10000.0,No AED,No AED,10000.0,"(4.6658621, 50.8774603)",3874.51,0.0011096919122780676,0.0011096919122780676
351,"(4.695201, 50.925963)","(4.699670278792916, 50.925086551926725)",286.68,No AED,No AED,10000.0,"(4.6658621, 50.8774603)",5051.53,0.00014046810658557607,0.0538095066690867
352,"(4.726666, 50.886771)","(4.728794358800079, 50.890184252730585)",380.74,No AED,No AED,10000.0,"(4.7243436, 50.8696549)",1931.31,0.03366162016101772,0.23322889289584284
353,"(4.684039, 50.882803)","(4.685582728836653, 50.88364478192073)",121.3,No AED,No AED,10000.0,"(4.6953981, 50.8785355)",831.0,0.23241211117771335,0.5636704528650961
354,"(4.683866, 50.881915)","(4.685665777568818, 50.88270152528853)",186.14,No AED,No AED,10000.0,"(4.6953981, 50.8785355)",882.53,0.21230523231429616,0.5064203459090582
355,"(4.683234, 50.854935)","(4.6871948807631965, 50.85781637633886)",320.38,No AED,No AED,10000.0,"(4.6998331, 50.8723536)",1716.87,0.04905375824117087,0.2804042376355642
356,"(4.704788, 50.868308)","(4.70957847475846, 50.87054434129006)",362.52,No AED,No AED,10000.0,"(4.6998331, 50.8723536)",658.4,0.31469352241610526,0.45530272992349474
357,"(4.721621, 50.918207)","(4.716734238271728, 50.92017718330477)",614.66,No AED,No AED,10000.0,"(4.6731993, 50.8780791)",4781.79,0.00022557353917195257,0.040974465567339836
358,"(4.712245, 50.874214)","(4.711679425881833, 50.87474660018789)",46.0,No AED,No AED,10000.0,"(4.7243436, 50.8696549)",771.72,0.25790939126521406,0.6381444166069778
359,"(4.712538, 50.865233)","(4.707847856562214, 50.86817391677135)",441.38,No AED,No AED,10000.0,"(4.7243436, 50.8696549)",909.32,0.20254894155084072,0.3632665442375202
360,"(4.680351, 50.863075)","(4.680066627758644, 50.85984224764488)",354.48,No AED,No AED,10000.0,"(4.6998331, 50.8723536)",1574.71,0.06296323505274201,0.2888280052269121
361,"(4.698601, 50.865695)","(4.704009161535992, 50.865687827562034)",312.37,No AED,No AED,10000.0,"(4.6998331, 50.8723536)",640.85,0.3245427184283462,0.48905593355025745
362,"(4.727363, 50.87354)","(4.7303047186192275, 50.87182144471676)",427.18,No AED,No AED,10000.0,"(4.7243436, 50.8696549)",483.72,0.4276644110736011,0.45894060515350305
363,"(4.65652, 50.8608)",No responder,10000.0,No AED,No AED,10000.0,"(4.6658621, 50.8774603)",1752.74,0.04605925756582431,0.04605925756582431
364,"(4.73345, 50.864595)","(4.736006781703274, 50.866377287883864)",292.06,No AED,No AED,10000.0,"(4.7243436, 50.8696549)",743.27,0.2711214217028194,0.4761995990680422
365,"(4.658427, 50.862748)","(4.657171629280697, 50.863358782358375)",91.48,No AED,No AED,10000.0,"(4.6658621, 50.8774603)",1545.25,0.06630617291366445,0.40711847849138977
366,"(4.721861, 50.882117)","(4.7189891840667935, 50.88313770287521)",238.37,No AED,No AED,10000.0,"(4.7243436, 50.8696549)",1322.32,0.09807671657031396,0.3795189556026512
367,"(4.74102, 50.876844)","(4.740000088094923, 50.87872002496534)",239.75,No AED,No AED,10000.0,"(4.7243436, 50.8696549)",1228.45,0.11565209705887602,0.3973570490956428
368,"(4.726683, 50.895637)","(4.728072918738512, 50.89909152144472)",345.7,No AED,No AED,10000.0,"(4.7243436, 50.8696549)",2709.24,0.008587490531601034,0.1641603761967793
369,"(4.708619, 50.868552)","(4.708017264857257, 50.868070172120305)",26.21,No AED,No AED,10000.0,"(4.6998331, 50.8723536)",721.95,0.2814640904206112,0.6708432323420965
370,"(4.692118, 50.886743)","(4.692460066248467, 50.88332374958626)",347.07,No AED,No AED,10000.0,"(4.6953981, 50.8785355)",868.24,0.21770008900211701,0.41726588120053926
371,"(4.724335, 50.865394)","(4.71762887071086, 50.86472997526483)",503.27,No AED,No AED,10000.0,"(4.7243436, 50.8696549)",609.34,0.343006364412795,0.39156911211390566
372,"(4.705422, 50.870966)","(4.704744132942339, 50.871220888481865)",37.94,No AED,No AED,10000.0,"(4.6998331, 50.8723536)",464.55,0.4423057948876434,0.7533743666834362
373,"(4.728234, 50.874598)","(4.7314951812703505, 50.876905587364604)",288.6,No AED,No AED,10000.0,"(4.7243436, 50.8696549)",602.17,0.347352315656564,0.5137754507819339
374,"(4.72011, 50.888334)","(4.719222479137452, 50.886056132047905)",211.58,No AED,No AED,10000.0,"(4.7243436, 50.8696549)",1859.24,0.038202992877467,0.29880126410730196
375,"(4.730501, 50.853164)",No responder,10000.0,No AED,No AED,10000.0,"(4.7243436, 50.8696549)",1931.11,0.03367344425607758,0.03367344425607758
376,"(4.726252, 50.870911)","(4.725583502700377, 50.86895018885283)",292.62,No AED,No AED,10000.0,"(4.7243436, 50.8696549)",209.01,0.6927934637675779,0.6927934637675779
377,"(4.704018, 50.881633)","(4.7048378787855425, 50.88146604547242)",37.56,No AED,No AED,10000.0,"(4.6953981, 50.8785355)",603.72,0.3464081729696169,0.7023181555251632
378,"(4.690653, 50.893772)","(4.691258965748578, 50.88807639499048)",590.62,No AED,No AED,10000.0,"(4.6953981, 50.8785355)",1450.55,0.07830230279988201,0.22908086072099176
379,"(4.71674, 50.920088)","(4.713642386284687, 50.91859874347231)",294.28,No AED,No AED,10000.0,"(4.6731993, 50.8780791)",4876.77,0.00019092115190331229,0.05824627691276022
380,"(4.73913, 50.889019)","(4.740724546806399, 50.89072002574869)",215.6,No AED,No AED,10000.0,"(4.7243436, 50.8696549)",2154.41,0.022750629226962846,0.25593313654523586
381,"(4.725029, 50.879615)","(4.721022668509976, 50.87962595022808)",295.83,No AED,No AED,10000.0,"(4.7243436, 50.8696549)",1229.8,0.11537825556990781,0.37023656133212957
382,"(4.719738, 50.900312)","(4.7200112541031425, 50.90022675572368)",9.64,No AED,No AED,10000.0,"(4.7243436, 50.8696549)",3179.23,0.003762185639928853,0.19671855097254815
383,"(4.692054, 50.883744)","(4.689909897417439, 50.88261721699905)",171.11,No AED,No AED,10000.0,"(4.6953981, 50.8785355)",612.09,0.34135397150560126,0.5919484932588208
384,"(4.676329, 50.867263)",No responder,10000.0,No AED,No AED,10000.0,"(4.6658621, 50.8774603)",1466.98,0.07607546371940092,0.07607546371940092
385,"(4.676351, 50.870025)","(4.67075463056725, 50.87305908271234)",470.21,No AED,No AED,10000.0,"(4.6658621, 50.8774603)",934.56,0.19376767446069573,0.3459636094750855
386,"(4.71405, 50.873746)","(4.714375205215044, 50.874471849318695)",72.68,No AED,No AED,10000.0,"(4.7243436, 50.8696549)",693.89,0.2956802031416915,0.6421161264513449
387,"(4.731353, 50.930623)","(4.733862680335329, 50.92957941193354)",183.94,No AED,No AED,10000.0,"(4.6658621, 50.8774603)",6515.36,1.0745449934055148e-05,0.02909562445788464
